Paste your text here,Max summary length,Min summary length,Summary,timestamp
"I am currently graduating from a college in 3rd year.
I love a girl she(B) is also same as me from a different college.
I know her from her(B) intermediate I am her classmate at that time.
I had a crush on her(B) from then.
I am in a relation with another girl(A) at the same time in intermediate who is the friend of the girl(B) now I love. Also she(A) is the junior to her(B). But they are not that much bonded to each other.
I never met her(A) in face, I think only twice in the time during the intermediate.
Then after our intermediate we(A & Me) both broke up mutually. It has ended there.
Apart from that I have a crush on A but I am in a relation at that time.
In the ending intermediate we(B and me) used to reach out to discuss about the colleges for graduation. That is the first time I talked to her in the phone(Before once in the inter she(B) asked me ""Tinnava"" which means did u had lunch? [This is 1st time she talked to me]).
Then we(B and me) slowly became close through phone calls.{I had broke with A at that time}.
Now fresh start for me from here I am into my graduation.
Me and B used to talk until my semesters on end at least a year easily not on regular basis but stayed connected through phone calls.
Then on a sudden interval we both ignored each other and not talked to each other for a time like 1 year almost.
After that year gap I can't loose her just for sake of ego, so I called her and talked to her.
She said that she was not ignored me on purpose it just happened in that way.
After I met her at the temple on 25 Dec2026.
We both from then talked very much in the phones about our daily experiences and about your day like stuff very much. We got closed to each other very much so one day I asked her to come with me in the bus for her home which is one the way. She said ok and came with me.
Then in our 3rd meet I confessed her my feelings for her.
She rejected me in a polite manner in the phone call because I left from the spot after confessing to her in the 3rd meet.
I am scared that she will not going to talk to me after the confession. But she never did that.
Later I went to my friend home for a carnival because she is going there. I told my friend about the matter and he invited me to his home and showed their hospitality to me which is very care towards us(me and another mutual friend).
Later I called her after reaching my friend home to meet her but she said that it is not possible. I felt very disappointed but soon we met in the carnival and talked just 5 min of time which is very less but we can't do anything.
Met her again in the God's conventional hall. This time more than 5min but nothing changed like she is behaved like talking to a stranger.
From then we have not met. But with god's grace he(god) gave me a chance to meet her. This time we stayed very long in the restaurant eating food.
Suddenly from no where my ex lover(A) called me and asked to meet if I can. I said yes and met her and took a pic with her. Just in an hour she left when her bus has arrived.
My love towards B has been increasing day by day.
As days are passing I got confidence that one day she gonna accept me if stay loyal.
Not much later a big problem raised that she(B) has seen the pic of me with my ex lover(A).
Also my love(B) respects her parents words very much so she never crosses her limits in life for sake of any sort of love and friends. This is her character that I know.
Soon after B saw that pic she started ignoring my calls and msgs if I ask her why are u behaving like this she replies like "" I am(B) the one who is disturbing u for no reason"" stuff.
I love her very much. What should I do now ?",130,30,I love a girl she(B) is also same as me from a different college. she(A) is the junior to her(B) but they are not that much bonded to each other. she(B) has seen the pic of me with my ex lover(A),2026-04-29 07:07:07.796483
